{"loss": [4.859335422515869, 3.5662851333618164, 3.555309534072876, 3.476545810699463, 3.3259382247924805, 3.084608316421509, 2.804013729095459, 2.4643940925598145, 2.1187362670898438, 1.882521152496338, 1.6363096237182617, 1.489256501197815, 1.2705692052841187, 1.1959459781646729, 1.071299433708191, 0.9592155814170837, 0.9635041356086731, 0.8394689559936523, 0.7805220484733582, 0.6973636150360107, 0.5903054475784302, 0.5775567293167114, 0.5111390948295593, 0.4608142077922821, 0.4111054837703705, 0.37767961621284485, 0.29945245385169983, 0.29181334376335144, 0.34295347332954407, 0.23604100942611694, 0.2645255923271179, 0.2044263780117035], "accuracy": [0.03820224851369858, 0.04365970939397812, 0.05008025839924812, 0.07223113626241684, 0.09919743239879608, 0.1643659770488739, 0.23563402891159058, 0.32327449321746826, 0.4093098044395447, 0.48218297958374023, 0.5479936003684998, 0.5874799489974976, 0.6500802636146545, 0.6683788299560547, 0.7052969336509705, 0.7316212058067322, 0.7428571581840515, 0.7727127075195312, 0.7903691530227661, 0.8115569949150085, 0.8292135000228882, 0.8449438214302063, 0.866131603717804, 0.873515248298645, 0.8950240612030029, 0.9078651666641235, 0.9216693639755249, 0.9280899167060852, 0.9178169965744019, 0.9393258690834045, 0.9451043605804443, 0.9438202381134033], "val_loss": [3.4756276607513428, 3.564561367034912, 3.460287570953369, 3.348723888397217, 3.0447490215301514, 2.533308267593384, 2.1849143505096436, 1.7992186546325684, 1.55734121799469, 1.3410825729370117, 1.3706624507904053, 1.2852193117141724, 1.036087155342102, 1.0140546560287476, 1.1319570541381836, 0.9588349461555481, 0.9681046009063721, 0.8471565842628479, 1.003146767616272, 0.7740808725357056, 0.8251475691795349, 0.6805441379547119, 0.8620448708534241, 0.7986429333686829, 0.7845604419708252, 0.6139276623725891, 0.6354088187217712, 0.6762266755104065, 0.5471466183662415, 0.6359237432479858, 0.6067141890525818, 0.5390663146972656], "val_accuracy": [0.0883190855383873, 0.045584045350551605, 0.12250712513923645, 0.202279195189476, 0.28205129504203796, 0.36467236280441284, 0.4273504316806793, 0.5954415798187256, 0.6410256624221802, 0.6638176441192627, 0.6695156693458557, 0.7207977175712585, 0.7720797657966614, 0.7948718070983887, 0.752136766910553, 0.8148148059844971, 0.811965823173523, 0.8461538553237915, 0.8547008633613586, 0.8917378783226013, 0.8774929046630859, 0.9116809368133545, 0.9059829115867615, 0.9173789024353027, 0.9202279448509216, 0.9259259104728699, 0.934472918510437, 0.9230769276618958, 0.945868968963623, 0.9572649598121643, 0.945868968963623, 0.9544159770011902]}